gender,height,mass,birth_year
female,165.66666666666666,55.03333333333333,43.0
male,181.17391304347825,83.70434782608696,53.44782608695652
